Company,Price,Market Cap
A,1418.35,606888599201
AAL,195.53,467755207509
AAP,1461.37,283608642792
AAPL,368.47,988549326361
ABBV,1653.03,929340018666
ABC,774.79,441689688076
ABMD,430.09,323488736003
ABT,1677.48,673380428347
ACN,1704.06,251966697723
ADBE,1915.57,833151316505
ADI,773.6,487426509914
ADM,1891.74,628303050682
ADP,962.1,838669341428
ADSK,977.43,881179455639
AEE,452.01,920433942632
AEP,205.55,58375120798
AES,1268.24,731703841006
AFL,1268.52,160823236901
AIG,561.2,736054337934
AIV,740.18,441791998654
AIZ,1581.42,62155064010
AJG,956.94,640290272267
AKAM,705.04,126720204546
ALB,1910.77,887407162138
ALGN,1165.84,181562783983
ALK,575.6,540131922963
ALL,1531.27,640718891713
ALLE,1086.05,919496543614
ALXN,1553.78,607778072260
AMAT,595.48,560961304868
AMCR,490.89,767979022970
AMD,1333.55,800956856258
AME,456.2,476622667890
AMGN,1420.59,387775689935
AMP,1614.39,180667060017
AMT,971.05,503434351217
AMZN,638.49,547924293193
ANET,183.22,109315404167
ANSS,1289.99,688285110987
ANTM,1009.41,858872246413
AON,1015.03,881926344541
AOS,265.91,547200664957
APA,660.97,765217586176
APD,1871.2,918785287021
APH,746.53,365586833278
APTV,345.21,221474654808
ARE,428.08,580120898726
ATO,1615.36,108898878563
ATVI,1626.76,318565787302
AVB,669.46,666320178866
AVGO,1807.97,367160139777
AVY,898.12,737593019240
AWK,1636.92,81065676345
AXP,1884.12,71965198164
AZO,1493.3,675370860897
BA,1036.61,698080561306
BAC,959.57,315310719084
BAX,1435.79,227798019913
BBY,1124.19,577197346962
BDX,1340.7,579507603864
BEN,1922.03,902334007532
BF.B,866.11,454406021804
BIIB,1258.53,173207487044
BIO,1312.66,839875272377
BK,938.64,803197949959
BKNG,1028.85,193820495178
BKR,1359.75,443446210792
BLK,1476.09,447490463484
BLL,1384.96,648643643965
BMY,1164.31,262615433180
BR,1612.08,440930316983
BRK.B,1543.69,322621655599
BSX,1828.46,832743303508
BWA,232.63,433578269641
BXP,1989.98,608986342191
C,1009.53,140189868324
CAG,1014.89,845589025990
CAH,271.47,12682124187
CARR,868.42,147954475271
CAT,250.39,572821894644
CB,300.94,511806931392
CBOE,667.52,820018369522
CBRE,1487.86,284053896888
CCI,1913.67,938332360838
CCL,551.09,371828841175
CDNS,382.14,556861630352
CDW,391.29,271542554733
CE,420.83,428895589741
CERN,431.85,752013018068
CF,1502.51,619214606921
CFG,1669.95,683588910718
CHD,1521.05,396094660393
CHRW,1306.97,948774208257
CHTR,215.25,69050591392
CI,999.57,836165844424
CINF,753.05,115113077674
CL,1424.0,809613391870
CLX,1810.01,826889478230
CMA,1519.51,630223472963
CMCSA,989.11,743866653430
CME,972.38,574254056286
CMG,1344.84,27363245033
CMI,825.6,750583092555
CMS,701.31,645210017616
CNC,825.8,951239922316
CNP,1090.79,673875550267
COF,721.84,478717288165
COG,424.4,359089822751
COO,1383.71,598335222676
COP,154.24,535192897531
COST,1666.05,894385667861
COTY,442.73,332039899442
CPB,1613.9,423970958119
CPRT,1220.26,657990385919
CRM,711.04,369163701950
CSCO,1866.78,76602344762
CSX,1710.64,209869430419
CTAS,1744.57,226195026732
CTL,1175.64,403051801311
CTSH,1943.18,950592768438
CTVA,1218.81,65244752974
CTXS,1860.34,711230579800
CVS,621.43,550742013590
CVX,1640.82,373388449579
CXO,1920.87,250739766769
D,817.39,360284981187
DAL,1928.56,160239517616
DD,1388.82,978033747113
DE,1578.37,407941554506
DFS,718.03,646341713668
DG,565.4,998314277616
DGX,307.08,887597940246
DHI,652.73,111574649114
DHR,756.04,139259981102
DIS,461.22,445884977540
DISCA,1824.14,598333577515
DISCK,1894.97,439115916376
DISH,762.76,814514825933
DLR,760.66,786606103024
DLTR,724.48,774909051972
DOV,1360.84,834944544798
DOW,1615.87,636136371316
DPZ,1104.37,127624178718
DRE,1470.09,855150303698
DRI,706.57,849721427158
DTE,1199.06,68112711714
DUK,737.3,698146767374
DVA,1270.66,419155626923
DVN,392.21,967973230940
DXC,1452.5,38364843745
DXCM,1580.65,409968069662
EA,798.99,112947111289
EBAY,761.12,494204657126
ECL,610.67,341905841927
ED,419.58,355967227101
EFX,820.59,645197525260
EIX,1957.03,340147859859
EL,913.99,791833867045
EMN,1924.05,161175373046
EMR,564.36,406829353288
EOG,1122.03,870962028651
EQIX,926.64,827564329279
EQR,579.02,125186087178
ES,1460.57,81337767297
ESS,922.79,238870530934
ETFC,916.0,529462305763
ETN,1108.64,458500883197
ETR,156.04,494120884424
EVRG,1183.0,404939909590
EW,118.44,942106530578
EXC,887.24,188836629779
EXPD,170.41,677340598771
EXPE,1263.29,193138669770
EXR,1124.26,76165487082
F,635.09,791390260727
FANG,602.91,929405183910
FAST,1420.45,119363075177
FB,560.64,957948900097
FBHS,769.76,744981151483
FCX,1962.54,969678689729
FDX,1874.44,716335292031
FE,994.98,338626483598
FFIV,1250.06,997102375327
FIS,171.68,451857683808
FISV,805.52,724431914931
FITB,1773.83,486344812276
FLIR,335.99,323151749441
FLS,465.21,692192327538
FLT,195.36,155961464336
FMC,1965.14,332680742771
FOX,529.85,631752984612
FOXA,317.29,141580709455
FRC,1345.71,450148064534
FRT,700.4,121880063563
FTI,1924.9,388395684993
FTNT,1694.71,318057273776
FTV,124.09,457994224919
GD,1901.55,88053898437
GE,818.02,448884419380
GILD,1451.39,42446324841
GIS,1177.86,797527141930
GL,683.1,351185743168
GLW,974.74,96673891101
GM,836.06,826410284059
GOOG,1036.2,257151071579
GOOGL,1249.5,541306760155
GPC,200.25,988769048403
GPN,1215.54,671193222770
GPS,381.57,301205079340
GRMN,1669.83,940728588206
GS,1814.47,566221632262
GWW,1476.73,129219567606
HAL,1202.93,101850944192
HAS,627.23,393766784780
HBAN,955.9,327574147026
HBI,662.77,17786477866
HCA,1897.23,23197424137
HD,444.06,723554006292
HES,804.36,923803863257
HFC,329.3,245296200303
HIG,664.87,75686509247
HII,959.19,664704979271
HLT,842.34,756593775963
HOLX,1169.34,143682227799
HON,998.22,738951340112
HPE,1167.85,455877856948
HPQ,690.27,347248491477
HRB,1319.47,861809479702
HRL,1005.52,556745636955
HSIC,1456.81,641303618542
HST,943.88,693057863004
HSY,1061.72,488711273352
HUM,973.19,717281612857
HWM,610.24,219564331181
IBM,1982.21,618852656201
ICE,1702.96,13641626353
IDXX,1187.72,10721479870
IEX,985.18,52713641722
IFF,560.44,552535230744
ILMN,430.39,418400068190
INCY,829.63,670724597624
INFO,1519.58,843273532110
INTC,163.68,257059703126
INTU,1368.26,700274934860
IP,1230.59,733529044147
IPG,1725.52,694813320020
IPGP,824.46,799098374018
IQV,264.34,858847744011
IR,367.14,736807835868
IRM,746.66,528773252607
ISRG,1787.79,632526735464
IT,530.52,154124161513
ITW,1429.17,440771090897
IVZ,1924.35,810423469598
J,1883.41,956764891245
JBHT,222.78,243501313999
JCI,1715.01,43560790529
JKHY,1761.87,758715667768
JNJ,1774.01,731253626515
JNPR,1695.74,577032342228
JPM,1676.5,645714501086
K,1663.85,675604996654
KEY,857.19,816505047533
KEYS,334.89,681880303150
KHC,125.54,275837321638
KIM,1990.54,465079288336
KLAC,1827.74,604665065669
KMB,1808.63,822132558586
KMI,414.02,344697145799
KMX,1326.3,542937035139
KO,1742.28,351939997529
KR,1832.38,954704463759
KSS,489.23,275308276872
KSU,1795.76,811223943504
L,616.08,423738858867
LB,238.32,159493522034
LDOS,1140.01,580933858335
LEG,1686.94,670104961792
LEN,952.01,699516564662
LH,1274.77,377947745184
LHX,1031.07,202514624292
LIN,341.87,293328997203
LKQ,740.8,387629304542
LLY,1017.29,240221434266
LMT,416.47,559776954658
LNC,1131.94,319290961077
LNT,1008.5,906211783407
LOW,1879.62,34587511662
LRCX,1762.77,65714325969
LUV,1972.34,268628486870
LVS,1180.07,504711452420
LW,986.69,533782391810
LYB,560.5,607899954796
LYV,763.66,623088749545
MA,1120.61,323004355361
MAA,1046.32,370570957542
MAR,215.68,277138652118
MAS,276.17,674829967388
MCD,270.13,858377320447
MCHP,1692.63,205842552958
MCK,1087.5,836461859120
MCO,1519.63,947067959049
MDLZ,1519.63,212444439647
MDT,1062.68,82361142940
MET,1986.57,651463808127
MGM,665.93,946545065543
MHK,317.52,309472261902
MKC,1043.41,764539556728
MKTX,1641.53,680090359165
MLM,1349.36,710389911574
MMC,1321.98,638780664902
MMM,1897.81,685979639961
MNST,190.68,884497504914
MO,1436.0,390583629661
MOS,1352.73,775836723122
MPC,981.04,486397382614
MRK,1937.71,709208676774
MRO,638.29,10518434708
MS,394.64,839628208789
MSCI,741.57,389378651866
MSFT,1006.79,432230263479
MSI,1612.27,899581281289
MTB,1138.73,180235789470
MTD,249.51,778953439324
MU,1451.47,192062170833
MXIM,109.96,334598197394
MYL,1248.94,443764661371
NBL,130.57,947718008677
NCLH,343.32,285905984269
NDAQ,1702.81,109244564438
NEE,267.86,172511589089
NEM,226.67,187145927435
NFLX,1592.26,598391735247
NI,1388.09,396355210086
NKE,1729.16,147685584556
NLOK,997.63,192585566584
NLSN,569.47,487957584711
NOC,300.99,968383855689
NOV,358.64,742708191021
NOW,315.39,937117136066
NRG,372.56,132386622599
NSC,1795.81,760530877499
NTAP,948.25,717860785884
NTRS,952.54,709869038805
NUE,1057.81,738296681763
NVDA,866.83,367242240096
NVR,177.36,250238886057
NWL,1918.72,828740785826
NWS,1659.79,386309952421
NWSA,1218.33,870410555623
O,1766.58,537899928229
ODFL,429.73,736744527511
OKE,570.55,517349650321
OMC,1482.08,399503414377
ORCL,1148.82,775372270677
ORLY,1081.43,166160936345
OTIS,883.25,925769625133
OXY,1851.1,498297437306
PAYC,1402.08,688224814449
PAYX,888.29,189434895898
PBCT,1943.67,571234771874
PCAR,1694.19,639789353072
PEAK,369.07,824175575704
PEG,1623.45,686412886741
PEP,1743.04,125252066576
PFE,1398.98,218299425056
PFG,1066.76,978429114020
PG,1399.48,755367149884
PGR,1933.14,15134533235
PH,1093.98,678476409588
PHM,551.85,48978997625
PKG,1698.74,332518081442
PKI,1658.98,370567954649
PLD,255.41,960148736050
PM,1528.27,617855311387
PNC,933.53,374348326909
PNR,385.1,492103247641
PNW,1055.72,229771118286
PPG,711.05,146950501781
PPL,1532.82,618214114256
PRGO,256.39,125965493823
PRU,985.05,84563778194
PSA,278.99,472211022499
PSX,671.99,172136562250
PVH,384.71,824216296645
PWR,1696.52,120689213627
PXD,1703.02,280218079311
PYPL,519.32,354916080810
QCOM,135.18,784065657629
QRVO,1223.59,318651398866
RCL,1123.21,216776068908
RE,1158.43,618287738430
REG,423.99,998556163398
REGN,309.01,206318238805
RF,210.01,828031326029
RHI,736.88,102223501830
RJF,1361.14,66960304246
RL,1905.27,967157265803
RMD,715.31,328708239887
ROK,843.13,238353403616
ROL,1159.85,782653028865
ROP,720.74,756232641835
ROST,561.43,659566735587
RSG,1748.18,840006994749
RTX,1388.33,822210233429
SBAC,547.17,547800157888
SBUX,176.6,881499594387
SCHW,473.55,399728968737
SEE,652.19,23649971749
SHW,1936.95,539469918211
SIVB,1734.46,754267661878
SJM,898.88,782985106773
SLB,1379.99,517341505300
SLG,281.7,426844779831
SNA,1325.34,384163123707
SNPS,1325.24,445198909760
SO,384.75,898297690886
SPG,834.9,295676092387
SPGI,892.21,279188825832
SRE,241.58,232351881753
STE,1718.81,150678891493
STT,1328.68,760130588744
STX,1872.56,980747739121
STZ,1856.4,941405300420
SWK,899.58,708311037934
SWKS,1170.83,834805444030
SYF,152.04,82518101449
SYK,1244.97,638010572183
SYY,1667.07,753600993097
T,1367.92,174024956129
TAP,656.01,245531760553
TDG,103.79,395883712738
TDY,1192.58,85162480772
TEL,128.39,73962714863
TFC,1885.92,648514005019
TFX,1876.11,627487776100
TGT,1687.71,329673348632
TIF,1015.17,339445145994
TJX,1913.01,197640792371
TMO,1902.33,969701324320
TMUS,739.47,900008772506
TPR,647.49,132560785296
TROW,1703.14,984945679537
TRV,1521.55,96055683740
TSCO,1351.93,943838899946
TSN,533.53,214729206967
TT,1571.86,302031691083
TTWO,1945.91,426709817684
TWTR,1322.09,755874449314
TXN,1300.29,779962592865
TXT,1989.94,161038952877
TYL,1735.16,569192372990
UA,146.57,720713850066
UAA,202.2,101364338207
UAL,920.35,415745827436
UDR,1880.63,900494314001
UHS,383.41,478754573977
ULTA,597.58,660660012833
UNH,384.42,622489979609
UNM,743.77,121659428327
UNP,977.04,640107953439
UPS,1975.17,675259950371
URI,292.87,727226901429
USB,1557.32,859736371394
V,623.27,419656756728
VAR,1579.04,41135498385
VFC,1730.29,42696459795
VIAC,1282.41,839449612455
VLO,1488.04,308140809669
VMC,233.78,295652551705
VNO,134.72,665509757833
VRSK,349.03,11096796474
VRSN,1698.23,135005280656
VRTX,911.55,624258350835
VTR,688.1,228456172218
VZ,928.97,850963715730
WAB,694.76,153545133124
WAT,1117.76,811452809290
WBA,1428.13,339317303352
WDC,629.0,209044544048
WEC,898.31,575603182940
WELL,563.17,623181975565
WFC,478.23,564950609076
WHR,517.62,647735742697
WLTW,180.27,157561835878
WM,228.52,414840038272
WMB,1304.37,497812904418
WMT,1201.21,922572534927
WRB,1525.27,217455816992
WRK,261.56,178306622432
WST,1750.05,573525544164
WU,955.96,573705270902
WY,474.72,374330409354
WYNN,1241.5,986523446564
XEL,1422.46,480664129667
XLNX,828.54,224316609763
XOM,1004.96,593691040417
XRAY,1589.05,216383956940
XRX,1623.13,423671786501
XYL,920.41,420478509997
YUM,694.43,929199903354
ZBH,1305.76,357544970787
ZBRA,764.74,924281359678
ZION,346.01,350744021598
ZTS,1932.16,780046530676
